class,order,family,genus,species
Arachnida,Araneae,Linyphiidae,Walckenaeria,Walckenaeria exigua
Arachnida,Araneae,Lycosidae,Pardosa,Pardosa pseudoannulata
Insecta,Blattodea,Ectobiidae,Symploce,Symploce wulingensis
Insecta,Blattodea,Ectobiidae,Symploce,Symploce wulingensis
Insecta,Blattodea,Ectobiidae,Symploce,Symploce wulingensis
Insecta,Blattodea,Ectobiidae,Symploce,Symploce wulingensis
Insecta,Blattodea,Ectobiidae,Symplocodes,Symplocodes manubria
Insecta,Blattodea,Blaberidae,Rhabdoblatta,Rhabdoblatta sp. USNM ENT 01117170
Insecta,Blattodea,Ectobiidae,Episymploce,Episymploce hunanensis
Insecta,Blattodea,Ectobiidae,Blattella,Blattella bisignata
Insecta,Blattodea,Ectobiidae,Blattella,Blattella bisignata
Insecta,Blattodea,Ectobiidae,Blattella,Blattella bisignata
Insecta,Blattodea,Ectobiidae,Blattella,Blattella bisignata
Insecta,Blattodea,Ectobiidae,Sigmella,Sigmella schenklingi
Insecta,Blattodea,Ectobiidae,Hemithyrsocera,Hemithyrsocera marginalis
Insecta,Blattodea,Ectobiidae,Blattella,Blattella bisignata
Insecta,Blattodea,Ectobiidae,Anaplectoidea,Anaplectoidea spinea
Insecta,Blattodea,Ectobiidae,Blattella,Blattella bisignata
Insecta,Blattodea,Ectobiidae,Symploce,Symploce wulingensis
Insecta,Blattodea,Ectobiidae,Symploce,Symploce sp. 4 ZW-2016
Insecta,Blattodea,Blaberidae,Rhabdoblatta,Rhabdoblatta sp. USNM ENT 01117170
Insecta,Blattodea,Blaberidae,Rhabdoblatta,Rhabdoblatta sp. USNM ENT 01117170
Insecta,Blattodea,Ectobiidae,Symploce,Symploce wulingensis
Insecta,Blattodea,Ectobiidae,Episymploce,Episymploce spinosa
Insecta,Blattodea,Ectobiidae,Symploce,Symploce wulingensis
Insecta,Blattodea,Ectobiidae,Hemithyrsocera,Hemithyrsocera sp. USNM ENT 01117164
Insecta,Blattodea,Ectobiidae,Symploce,Symploce wulingensis
Insecta,Blattodea,Ectobiidae,Balta,Balta notulata
Insecta,Blattodea,Blaberidae,Rhabdoblatta,Rhabdoblatta sp. USNM ENT 01117170
Insecta,Blattodea,Ectobiidae,Symplocodes,Symplocodes manubria
Insecta,Blattodea,Ectobiidae,Hemithyrsocera,Hemithyrsocera sp. USNM ENT 01117164
Insecta,Blattodea,Blaberidae,Rhabdoblatta,Rhabdoblatta sp. USNM ENT 01117170
Insecta,Blattodea,Ectobiidae,Hemithyrsocera,Hemithyrsocera marginalis
Insecta,Blattodea,Blaberidae,Rhabdoblatta,Rhabdoblatta sp. USNM ENT 01117170
Insecta,Blattodea,Ectobiidae,Symploce,Symploce wulingensis
Insecta,Blattodea,Ectobiidae,Hemithyrsocera,Hemithyrsocera sp. USNM ENT 01117164
Insecta,Blattodea,Ectobiidae,Symploce,Symploce wulingensis
Insecta,Blattodea,Ectobiidae,Symploce,Symploce wulingensis
Insecta,Blattodea,Blaberidae,Rhabdoblatta,Rhabdoblatta maculata
Insecta,Blattodea,Blaberidae,Rhabdoblatta,Rhabdoblatta sp. USNM ENT 01117170
Insecta,Blattodea,Ectobiidae,Blattella,Blattella sauteri
Insecta,Blattodea,Ectobiidae,Symploce,Symploce wulingensis
Insecta,Blattodea,Ectobiidae,Anaplectoidea,Anaplectoidea varia
Insecta,Blattodea,Ectobiidae,Anaplectoidea,Anaplectoidea varia
Insecta,Coleoptera,Carabidae,Microcharidius,Microcharidius diecki
Insecta,Coleoptera,Carabidae,Microcharidius,Microcharidius diecki
Insecta,Coleoptera,Scarabaeidae,Onthophagus,Onthophagus evanidus
Insecta,Coleoptera,Chrysomelidae,Longitarsus,Longitarsus aeneicollis
Insecta,Coleoptera,Elateridae,Parasilesis,Parasilesis musculus
Insecta,Coleoptera,Cerambycidae,Arhopalus,Arhopalus sp. CA14_15.03
Insecta,Coleoptera,Chrysomelidae,Colasposoma,Colasposoma dauricum
Insecta,Coleoptera,Elateridae,unclassified_f__Elateridae,Elateridae sp. BIOUG04772-C02
Insecta,Coleoptera,Curculionidae,Ittostira,Ittostira nr. costulata MB-2015
Insecta,Coleoptera,Scarabaeidae,unclassified_f__Scarabaeidae,Scarabaeidae sp. BIOUG18623-E03
Insecta,Coleoptera,Carabidae,Chlaenius,Chlaenius vestitus
Insecta,Coleoptera,Dytiscidae,Agabus,Agabus colymbus
Insecta,Coleoptera,Curculionidae,Trigonopterus,Trigonopterus sp. 599 MB-2015
Insecta,Coleoptera,Carabidae,Microcharidius,Microcharidius diecki
Insecta,Coleoptera,Anobiidae,Homophthalmus,Homophthalmus rugicollis
Insecta,Coleoptera,Carabidae,Microcharidius,Microcharidius diecki
Insecta,Coleoptera,Cerambycidae,unclassified_f__Cerambycidae,Lamiinae sp. BOLD:AAG5577
Insecta,Coleoptera,Carabidae,Masoreus,Masoreus wetterhallii
Insecta,Coleoptera,Coccinellidae,Harmonia_f__Coccinellidae,Harmonia axyridis
Insecta,Coleoptera,Coccinellidae,Brumoides,Brumoides suturalis
Insecta,Coleoptera,Elateridae,Procraerus,Procraerus helvolus
Insecta,Coleoptera,Scraptiidae,unclassified_f__Scraptiidae,Scraptiidae sp. INDOBIOSYS-CCDB26005-H10
Insecta,Coleoptera,Curculionidae,Cryptorhynchus,Cryptorhynchus lapathi
Insecta,Coleoptera,Curculionidae,Celeuthetini gen. 3 MB-2015,Celeuthetini gen. 3 sp. 1 MB-2015
Insecta,Coleoptera,Chrysomelidae,Monoxia,Monoxia sp. BBCCN706-10
Insecta,Coleoptera,Anobiidae,Episernus,Episernus pyrenaeus
Insecta,Coleoptera,Curculionidae,unclassified_f__Curculionidae,Curculionidae sp. BIOUG17826-D09
Insecta,Coleoptera,Carabidae,Lelis,Lelis rutila
Insecta,Coleoptera,Carabidae,Microcharidius,Microcharidius sp. 13 CA-2017
Insecta,Coleoptera,Dytiscidae,Deronectes,Deronectes delarouzei
Insecta,Coleoptera,Staphylinidae,unclassified_f__Staphylinidae,Staphylinidae sp. BMNH 1274234
Insecta,Coleoptera,Chrysomelidae,Colasposoma,Colasposoma dauricum
Insecta,Coleoptera,Elateridae,Melanotus_f__Elateridae,Melanotus similis
Insecta,Coleoptera,Carabidae,Microcharidius,Microcharidius sp. 13 CA-2017
Insecta,Coleoptera,Elateridae,Scutellathous,Scutellathous comes
Insecta,Coleoptera,Hydraenidae,Ochthebius,Ochthebius burjkhalifa
Insecta,Coleoptera,Carabidae,Carabus,Carabus irregularis
Insecta,Coleoptera,Chrysomelidae,unclassified_f__Chrysomelidae,Chrysomelidae sp. INDOBIOSYS-CCDB25324-E01
Insecta,Coleoptera,Tenebrionidae,Tenebrio,Tenebrio molitor
Insecta,Coleoptera,Lampyridae,Luciola,Luciola filiformis
Insecta,Coleoptera,Chrysomelidae,Psylliodes,Psylliodes chrysocephala
Insecta,Coleoptera,Curculionidae,Heteroglymma,Heteroglymma cimex
Insecta,Coleoptera,Curculionidae,Heteroglymma,Heteroglymma cimex
Insecta,Coleoptera,Monotomidae,Monotoma,Monotoma brevicollis
Insecta,Coleoptera,Tenebrionidae,unclassified_f__Tenebrionidae,Tenebrionidae sp. INDOBIOSYS-CCDB25323-H04
Insecta,Coleoptera,Staphylinidae,Decarthron,Decarthron sp. BIOUG25124-B10
Insecta,Coleoptera,Cleridae,Enoclerus,Enoclerus nigripes
Insecta,Coleoptera,Staphylinidae,unclassified_f__Staphylinidae,Staphylinidae sp. INDOBIOSYS-CCDB26639-D05
Insecta,Coleoptera,Carabidae,Microcharidius,Microcharidius diecki
Insecta,Coleoptera,Staphylinidae,Rabigus,Rabigus tenuis
Insecta,Coleoptera,Scarabaeidae,unclassified_f__Scarabaeidae,Scarabaeidae sp. cvb777prey013
Insecta,Coleoptera,Coccinellidae,Harmonia_f__Coccinellidae,Harmonia axyridis
Insecta,Coleoptera,Cleridae,Thanasimus,Thanasimus undatulus
Insecta,Coleoptera,Staphylinidae,Rabigus,Rabigus tenuis
Insecta,Coleoptera,Carabidae,Microcharidius,Microcharidius diecki
Insecta,Coleoptera,Carabidae,Microcharidius,Microcharidius diecki
Insecta,Coleoptera,Scarabaeidae,Serica,Serica brunnea
Insecta,Coleoptera,Carabidae,Microcharidius,Microcharidius diecki
Insecta,Coleoptera,Elateridae,Paracardiophorus,Paracardiophorus lewisi
Insecta,Coleoptera,Elateridae,Neohypdonus,Neohypdonus tumescens
Insecta,Coleoptera,Elateridae,Paracardiophorus,Paracardiophorus sequens
Insecta,Coleoptera,Elateridae,Denticollis,Denticollis nipponensis
Insecta,Coleoptera,Elateridae,Paracardiophorus,Paracardiophorus sequens
Insecta,Diptera,Ceratopogonidae,unclassified_f__Ceratopogonidae,Ceratopogonidae sp. BOLD:AAG6491
Insecta,Diptera,Psychodidae,Lutzomyia,Lutzomyia peruensis
Insecta,Diptera,Ceratopogonidae,Forcipomyia,Forcipomyia sp. BIOUG23716-F04
Insecta,Diptera,Drosophilidae,Drosophila_f__Drosophilidae,Drosophila repleta
Insecta,Diptera,Psychodidae,Clogmia,Clogmia albipunctata
Insecta,Diptera,Drosophilidae,Drosophila_f__Drosophilidae,Drosophila paralutea
Insecta,Diptera,Chironomidae,Kiefferulus,Kiefferulus umbraticola
Insecta,Diptera,Mycetophilidae,unclassified_f__Mycetophilidae,Mycetophilidae sp. BOLD:ACD1769
Insecta,Diptera,Mycetophilidae,Neoempheria,Neoempheria sp. BOLD:AAG4911
Insecta,Diptera,Culicidae,Culex,Culex pseudovishnui
Insecta,Diptera,Nycteribiidae,Nycteribia,Nycteribia allotopa
Insecta,Diptera,Tachinidae,Masicera,Masicera silvatica
Insecta,Diptera,Culicidae,Runchomyia,Runchomyia magna
Insecta,Diptera,Cecidomyiidae,unclassified_f__Cecidomyiidae,Cecidomyiidae sp. BOLD:ACK1984
Insecta,Diptera,Carnidae,unclassified_f__Carnidae,Carnidae sp. BIOUG23186-B01
Insecta,Diptera,Tachinidae,Chrysotachina,Chrysotachina slossonae
Insecta,Diptera,Simuliidae,Simulium,Simulium nr. metallicum s. l. BOLD:ACF1735
Insecta,Diptera,Chloropidae,Oscinella,Oscinella sp. BIOUG21538-B08
Insecta,Diptera,Mycetophilidae,Synapha,Synapha sp. BIOUG21698-C10
Insecta,Diptera,Sciaridae,Bradysia,Bradysia polonica
Insecta,Diptera,Cecidomyiidae,unclassified_f__Cecidomyiidae,Cecidomyiidae sp. BIOUG20763-C04
Insecta,Diptera,unclassified_o__Diptera,unclassified_o__Diptera,Diptera sp. INDOBIOSYS-CCDB26153-H03
Insecta,Diptera,Tachinidae,Graphogaster,Graphogaster glossonae
Insecta,Diptera,Culicidae,Culex,Culex orientalis
Insecta,Diptera,Drosophilidae,unclassified_f__Drosophilidae,Drosophilidae sp. BOLD:AAG8504
Insecta,Diptera,Tipulidae,unclassified_f__Tipulidae,Tipulidae sp. BBTEC141-09
Insecta,Diptera,Tipulidae,Tipula,Tipula kuzuensis
Insecta,Diptera,Drosophilidae,Impatiophila,Impatiophila hutiaoxiana
Insecta,Diptera,Drosophilidae,Impatiophila,Impatiophila rhombivalva
Insecta,Diptera,Tipulidae,unclassified_f__Tipulidae,Tipulidae sp. BOLD:AAO3949
Insecta,Diptera,Tipulidae,Tipula,Tipula sp. BOLD:ACG9936
Insecta,Diptera,Culicidae,Culex,Culex orientalis
Insecta,Diptera,Tipulidae,Tipula,Tipula sp. BOLD-2016
Insecta,Diptera,Tachinidae,Actia,Actia diffidens
Insecta,Diptera,Tipulidae,unclassified_f__Tipulidae,Tipulidae sp. BOLD:AAF9048
Insecta,Diptera,Tipulidae,Tipula,Tipula sp. BOLD-2016
Insecta,Diptera,Anthomyiidae,unclassified_f__Anthomyiidae,Anthomyiidae sp. BOLD:AAG2490
Insecta,Diptera,Psychodidae,Lutzomyia,Lutzomyia cruzi
Insecta,Diptera,Tipulidae,unclassified_f__Tipulidae,Tipulidae sp. BOLD:ACE9296
Insecta,Diptera,Drosophilidae,Impatiophila,Impatiophila rhombivalva
Insecta,Diptera,Tipulidae,Tipula,Tipula kuzuensis
Insecta,Diptera,Tipulidae,Nephrotoma,Nephrotoma lundbecki
Insecta,Diptera,Tipulidae,Tipula,Tipula sp. BOLD-2016
Insecta,Diptera,Tipulidae,Tipula,Tipula kuzuensis
Insecta,Diptera,Tipulidae,Tipula,Tipula kuzuensis
Insecta,Diptera,Drosophilidae,Paraleucophenga,Paraleucophenga emeiensis
Insecta,Diptera,Mycetophilidae,Mycomya,Mycomya sp. BOLD:AAG4983
Insecta,Diptera,Tipulidae,unclassified_f__Tipulidae,Tipulidae sp. BOLD:ACE9296
Insecta,Diptera,Lonchaeidae,unclassified_f__Lonchaeidae,Lonchaeidae sp. BIOUG23657-D06
Insecta,Diptera,Tipulidae,Tipula,Tipula sp. BOLD:ACG9936
Insecta,Diptera,Tipulidae,Tipula,Tipula sp. BOLD-2016
Insecta,Diptera,Tipulidae,unclassified_f__Tipulidae,Tipulidae sp. BOLD:AAF9048
Insecta,Diptera,Tipulidae,Tipula,Tipula kuzuensis
Insecta,Diptera,Pipunculidae,Tomosvaryella,Tomosvaryella demeyeri
Insecta,Diptera,Tipulidae,Tipula,Tipula kuzuensis
Insecta,Diptera,Drosophilidae,Hirtodrosophila,Hirtodrosophila levigata
Insecta,Diptera,Limoniidae,unclassified_f__Limoniidae,Limoniidae sp. BARS_2016_41_088
Insecta,Diptera,Drosophilidae,Paraleucophenga,Paraleucophenga emeiensis
Insecta,Diptera,Tipulidae,Tipula,Tipula serta
Insecta,Diptera,Tipulidae,Tipula,Tipula sp. BOLD-2016
Insecta,Diptera,Calliphoridae,Hemilucilia,Hemilucilia segmentaria
Insecta,Diptera,Limoniidae,Dicranomyia,Dicranomyia sp. BOLD-2016
Insecta,Diptera,Tipulidae,unclassified_f__Tipulidae,Tipulidae sp. BBTEC141-09
Insecta,Diptera,Drosophilidae,Paraleucophenga,Paraleucophenga emeiensis
Insecta,Diptera,Pipunculidae,Tomosvaryella,Tomosvaryella demeyeri
Insecta,Diptera,Drosophilidae,Impatiophila,Impatiophila hutiaoxiana
Insecta,Diptera,Tipulidae,Tipula,Tipula sp. BOLD-2016
Insecta,Diptera,Drosophilidae,Impatiophila,Impatiophila taibaishanensis
Insecta,Diptera,Pipunculidae,Tomosvaryella,Tomosvaryella demeyeri
Insecta,Diptera,Syrphidae,Brachyopa,Brachyopa quadrimaculosa
Insecta,Diptera,Drosophilidae,Impatiophila,Impatiophila hutiaoxiana
Insecta,Diptera,Drosophilidae,Impatiophila,Impatiophila menba
Insecta,Diptera,Limoniidae,unclassified_f__Limoniidae,Limoniidae sp. BOLD:ACL3693
Insecta,Diptera,Tipulidae,Tipula,Tipula sp. BOLD-2016
Insecta,Diptera,Tipulidae,unclassified_f__Tipulidae,Tipulidae sp. BBTEC141-09
Insecta,Diptera,Drosophilidae,Impatiophila,Impatiophila taibaishanensis
Insecta,Diptera,Tipulidae,Tipula,Tipula guizhouensis
Insecta,Diptera,Chloropidae,unclassified_f__Chloropidae,Oscinellinae sp. BIOUG19842-C02
Insecta,Diptera,Tipulidae,unclassified_f__Tipulidae,Tipulidae sp. BOLD:AAO3952
Insecta,Diptera,Syrphidae,Neoascia,Neoascia distincta
Insecta,Diptera,Tipulidae,unclassified_f__Tipulidae,Tipulidae sp. BOLD:AAO3949
Insecta,Diptera,Fanniidae,Fannia,Fannia sp. BIOUG20571-A06
Insecta,Diptera,Tipulidae,unclassified_f__Tipulidae,Tipulidae sp. BOLD:AAF9030
Insecta,Diptera,Drosophilidae,Drosophila_f__Drosophilidae,Drosophila polychaeta
Insecta,Diptera,Phoridae,unclassified_f__Phoridae,Phoridae sp. BOLD-2016
Insecta,Diptera,Limoniidae,Dicranomyia,Dicranomyia sp. BIOUG32608-A04
Insecta,Diptera,Drosophilidae,Impatiophila,Impatiophila acutivalva
Insecta,Diptera,Tipulidae,Tipula,Tipula sp. BOLD:ACG9936
Insecta,Diptera,Phoridae,unclassified_f__Phoridae,Phoridae sp. F85.27
Insecta,Diptera,Limoniidae,unclassified_f__Limoniidae,Limoniinae sp. BOLD:ABZ1300
Insecta,Diptera,Odiniidae,Odinia,Odinia betulae
Insecta,Diptera,Drosophilidae,Drosophila_f__Drosophilidae,Drosophila bicornuta
Insecta,Diptera,Syrphidae,Ocyptamus,Ocyptamus antiphates
Insecta,Diptera,Tipulidae,Tipula,Tipula sp. BIOUG21783-H03
Insecta,Diptera,Tipulidae,Tipula,Tipula sp. BOLD-2016
Insecta,Diptera,Syrphidae,Rohdendorfia,Rohdendorfia bella
Insecta,Diptera,Tipulidae,Tipula,Tipula sp. BOLD-2016
Insecta,Diptera,Chironomidae,unclassified_f__Chironomidae,Tanypodinae sp. BIOUG23187-H05
Insecta,Diptera,Cylindrotomidae,Triogma,Triogma kuwanai
Insecta,Diptera,Tachinidae,Cylindromyia,Cylindromyia fumipennis
Insecta,Diptera,Sciaridae,Chaetosciara,Chaetosciara sp. 3 SS-2012
Insecta,Diptera,Mycetophilidae,Mycomya,Mycomya sp. BIOUG25055-E07
Insecta,Diptera,Hybotidae,unclassified_f__Hybotidae,Hybotidae sp. BIOUG05470-C09
Insecta,Diptera,Therevidae,unclassified_f__Therevidae,Therevidae sp. BOLD:AAG2786
Insecta,Diptera,Tipulidae,Tipula,Tipula barbigera
Insecta,Diptera,Mycetophilidae,unclassified_f__Mycetophilidae,Mycetophilidae sp. BOLD:ACN9361
Insecta,Diptera,Chironomidae,Polypedilum,Polypedilum akisplendens
Insecta,Diptera,Cecidomyiidae,unclassified_f__Cecidomyiidae,Cecidomyiidae sp. BOLD:AAP5318
Insecta,Diptera,Tachinidae,Admontia,Admontia blanda
Insecta,Diptera,Phoridae,Megaselia,Megaselia sp. BIOUG31060-D01
Insecta,Diptera,Ceratopogonidae,Dasyhelea,Dasyhelea sp. BOLD-2016
Insecta,Diptera,Drosophilidae,Drosophila_f__Drosophilidae,Drosophila anceps
Insecta,Diptera,Chloropidae,Oscinella,Oscinella sp. BIOUG04908-D02
Insecta,Diptera,Empididae,Hemerodromia,Hemerodromia sp. BOLD:AAN4543
Insecta,Diptera,Chironomidae,Procladius,Procladius culiciformis
Insecta,Diptera,Chironomidae,Polypedilum,Polypedilum sordens
Insecta,Diptera,Tipulidae,Tipula,Tipula arctica
Insecta,Diptera,Tachinidae,unclassified_f__Tachinidae,Tachinidae sp. BOLD:AAP4824
Insecta,Diptera,Limoniidae,Metalimnobia,Metalimnobia solitaria
Insecta,Diptera,Limoniidae,Metalimnobia,Metalimnobia solitaria
Insecta,Diptera,unclassified_o__Diptera,unclassified_o__Diptera,Diptera sp. KMGHap_93
Insecta,Diptera,Mycetophilidae,Leia,Leia winthemii
Insecta,Diptera,Cecidomyiidae,unclassified_f__Cecidomyiidae,Cecidomyiidae sp. BOLD:ABV1363
Insecta,Diptera,Cecidomyiidae,unclassified_f__Cecidomyiidae,Cecidomyiidae sp. BIOUG25299-G09
Insecta,Diptera,Tipulidae,unclassified_f__Tipulidae,Tipulidae sp. DSP-2011
Insecta,Diptera,Drosophilidae,Drosophila_f__Drosophilidae,Drosophila disjuncta
Insecta,Diptera,Drosophilidae,Zapriothrica,Zapriothrica sp. 1DG
Insecta,Diptera,Limoniidae,Geranomyia,Geranomyia sp. BIOUG14928-B12
Insecta,Diptera,Cecidomyiidae,unclassified_f__Cecidomyiidae,Cecidomyiidae sp. BOLD:ACM2030
Insecta,Diptera,Culicidae,Anopheles,Anopheles nuneztovari
Insecta,Diptera,Chironomidae,unclassified_f__Chironomidae,Chironomidae sp. BIOUG20148-E05
Insecta,Diptera,Lauxaniidae,Poecilolycia,Poecilolycia sp. BOLD-2016
Insecta,Diptera,Aulacigastridae,Aulacigaster,Aulacigaster mcalpinei
Insecta,Diptera,Tipulidae,Tipula,Tipula sp. BOLD:AAG4713
Insecta,Diptera,Heleomyzidae,unclassified_f__Heleomyzidae,Heleomyzidae sp. BOLD:ACI4306
Insecta,Diptera,Tipulidae,Tipula,Tipula cockerelliana
Insecta,Diptera,Syrphidae,Orthonevra,Orthonevra anniae
Insecta,Diptera,Drosophilidae,Stegana,Stegana hirtipenis
Insecta,Diptera,Tipulidae,Tipula,Tipula barbigera
Insecta,Diptera,Tipulidae,Tipula,Tipula (Lunatipula) sp. BOLD:AAI1199
Insecta,Diptera,Tipulidae,unclassified_f__Tipulidae,Tipulidae sp. BOLD:AAO3959
Insecta,Diptera,Culicidae,Anopheles,Anopheles oswaldoi
Insecta,Diptera,Sarcophagidae,unclassified_f__Sarcophagidae,Sarcophagidae sp. BOLD:AAG6965
Insecta,Diptera,Cecidomyiidae,unclassified_f__Cecidomyiidae,Cecidomyiidae sp. BIOUG32306-D05
Insecta,Diptera,Tipulidae,Tipula,Tipula mutila
Insecta,Diptera,Tipulidae,unclassified_f__Tipulidae,Tipulidae sp. DSP-2011
Insecta,Diptera,Tachinidae,Lixophaga,Lixophaga sp. Wood11
Insecta,Diptera,Phoridae,Megaselia,Megaselia sp. BIOUG15212-E03
Insecta,Diptera,Canacidae,unclassified_f__Canacidae,Canacidae sp. BOLD-2016
Insecta,Diptera,Drosophilidae,Phortica,Phortica biprotrusa
Insecta,Diptera,Calliphoridae,Auchmeromyia,Auchmeromyia bequaerti
Insecta,Diptera,Drosophilidae,Drosophila_f__Drosophilidae,Drosophila barbarae
Insecta,Diptera,Tachinidae,Calolydella,Calolydella sp. ASCRT431-10
Insecta,Diptera,Drosophilidae,Drosophila_f__Drosophilidae,Drosophila watanabei
Insecta,Diptera,Phoridae,unclassified_f__Phoridae,Phoridae sp.
Insecta,Diptera,Syrphidae,Xanthandrus,Xanthandrus callidus
Insecta,Diptera,Tipulidae,Tipula,Tipula usitata
Insecta,Diptera,Cecidomyiidae,unclassified_f__Cecidomyiidae,Cecidomyiidae sp. BOLD-2016
Insecta,Diptera,Cecidomyiidae,unclassified_f__Cecidomyiidae,Cecidomyiidae sp. BIOUG21521-G02
Insecta,Diptera,Cecidomyiidae,unclassified_f__Cecidomyiidae,Cecidomyiidae sp. BIOUG20716-A01
Insecta,Diptera,Culicidae,Culex,Culex pseudovishnui
Insecta,Diptera,Culicidae,Culex,Culex pipiens
Insecta,Diptera,Mycetophilidae,Mycomya,Mycomya circumdata
Insecta,Diptera,Drosophilidae,Impatiophila,Impatiophila rhombivalva
Insecta,Diptera,unclassified_o__Diptera,unclassified_o__Diptera,Diptera sp. KMGHap_85
Insecta,Diptera,Syrphidae,Xanthandrus,Xanthandrus callidus
Insecta,Diptera,Drosophilidae,Impatiophila,Impatiophila acutivalva
Insecta,Diptera,Agromyzidae,unclassified_f__Agromyzidae,Phytomyzinae sp. BOLD-2016
Insecta,Diptera,Anthomyiidae,unclassified_f__Anthomyiidae,Anthomyiidae sp. BOLD:AAG2490
Insecta,Diptera,Drosophilidae,Stegana,Stegana sp. 'kamiyai'
Insecta,Diptera,Culicidae,Culex,Culex pseudovishnui
Insecta,Diptera,Mycetophilidae,Neoempheria,Neoempheria sp. BOLD:AAG4911
Insecta,Diptera,Mycetophilidae,Synapha,Synapha sp. BIOUG21698-C10
Insecta,Diptera,Culicidae,Armigeres,Armigeres subalbatus
Insecta,Diptera,Syrphidae,Orthonevra,Orthonevra nitida
Insecta,Diptera,Milichiidae,Paramyia,Paramyia sp. BIOUG21855-E04
Insecta,Diptera,Tipulidae,Tipula,Tipula barbigera
Insecta,Diptera,Mycetophilidae,Synapha,Synapha sp. BIOUG21698-C10
Insecta,Diptera,Mycetophilidae,Synapha,Synapha sp. BIOUG21698-C10
Insecta,Diptera,Milichiidae,Paramyia,Paramyia sp. BIOUG21855-E04
Insecta,Diptera,Culicidae,Culex,Culex vishnui
Insecta,Diptera,Syrphidae,Eristalis,Eristalis sp. BIOUG15398-C10
Insecta,Diptera,Culicidae,Culex,Culex bitaeniorhynchus
Insecta,Diptera,Psychodidae,Clogmia,Clogmia albipunctata
Insecta,Diptera,Ephydridae,Philygria,Philygria debilis
Insecta,Diptera,Tipulidae,Tipula,Tipula sp. BOLD-2016
Insecta,Diptera,Tipulidae,Tipula,Tipula guizhouensis
Insecta,Diptera,Tipulidae,Tipula,Tipula sp. BOLD:AAG4713
Insecta,Diptera,Tipulidae,Tipula,Tipula kuzuensis
Insecta,Diptera,Tipulidae,Tipula,Tipula sp. BOLD-2016
Insecta,Diptera,Tipulidae,Tipula,Tipula sulphurea
Insecta,Diptera,Tipulidae,Tipula,Tipula sp. BOLD:ACG9936
Insecta,Diptera,Drosophilidae,Paraleucophenga,Paraleucophenga emeiensis
Insecta,Diptera,Drosophilidae,Impatiophila,Impatiophila latipennata
Insecta,Diptera,Drosophilidae,Paraleucophenga,Paraleucophenga emeiensis
Insecta,Diptera,Drosophilidae,Microdrosophila,Microdrosophila congesta
Insecta,Diptera,Drosophilidae,Microdrosophila,Microdrosophila congesta
Insecta,Diptera,Sarcophagidae,Sarcophaga,Sarcophaga villeneuveana
Insecta,Diptera,Tipulidae,Tipula,Tipula sp. BOLD:AAG4713
Insecta,Diptera,Tipulidae,Tipula,Tipula besselsoides
Insecta,Diptera,Lonchaeidae,unclassified_f__Lonchaeidae,Lonchaeidae sp. BIOUG04902-B11
Insecta,Diptera,Drosophilidae,Impatiophila,Impatiophila acutivalva
Insecta,Diptera,Anthomyiidae,unclassified_f__Anthomyiidae,Anthomyiidae sp. BOLD:AAG2490
Insecta,Diptera,Asilidae,Cyrtopogon,Cyrtopogon sp. BIOUG01427-C01
Insecta,Diptera,Muscidae,Hydrotaea,Hydrotaea cristata
Insecta,Diptera,Tipulidae,unclassified_f__Tipulidae,Tipulidae sp. BOLD:AAO3949
Insecta,Diptera,Mydidae,Rhaphiomidas,Rhaphiomidas tarsalis
Insecta,Diptera,Mycetophilidae,Neoempheria,Neoempheria sp. BOLD:AAG4911
Insecta,Diptera,Tipulidae,unclassified_f__Tipulidae,Tipulidae sp. BBTEC136-09
Insecta,Diptera,Tipulidae,Tipula,Tipula sp. BOLD-2016
Insecta,Diptera,Tipulidae,Tipula,Tipula sulphurea
Insecta,Diptera,Tipulidae,unclassified_f__Tipulidae,Tipulidae sp. BOLD:AAF9030
Insecta,Diptera,Limoniidae,Dicranomyia,Dicranomyia sp. DNAS-44B-5ZYK
Insecta,Diptera,Anthomyiidae,unclassified_f__Anthomyiidae,Anthomyiidae sp. BOLD:AAG2490
Insecta,Diptera,Tipulidae,Tipula,Tipula sp. BOLD-2016
Insecta,Diptera,Limoniidae,Limonia_f__Limoniidae,Limonia sp. BIOUG02140-F02
Insecta,Diptera,Tipulidae,Tipula,Tipula barbigera
Insecta,Diptera,Opomyzidae,Geomyza,Geomyza balachowskyi
Insecta,Diptera,Limoniidae,Gonomyia,Gonomyia cairnensis
Insecta,Diptera,Chironomidae,Cricotopus,Cricotopus sylvestris
Insecta,Diptera,Fanniidae,Fannia,Fannia sp. BIOUG17030-D04
Insecta,Diptera,Tipulidae,Tipula,Tipula arctica
Insecta,Diptera,Odiniidae,Odinia,Odinia betulae
Insecta,Diptera,Ceratopogonidae,unclassified_f__Ceratopogonidae,Ceratopogonidae sp. BIOUG25467-F05
Insecta,Diptera,Sciaridae,Chaetosciara,Chaetosciara sp. 3 SS-2012
Insecta,Diptera,Syrphidae,Pelecocera,Pelecocera nigricornis
Insecta,Diptera,Mycetophilidae,Mycomya,Mycomya sp. BOLD-2016
Insecta,Diptera,Drosophilidae,Impatiophila,Impatiophila truncivalva
Insecta,Diptera,Drosophilidae,Amiota,Amiota sp. n. YW-2018
Insecta,Diptera,Tachinidae,Blepharomyia,Blepharomyia piliceps
Insecta,Diptera,Tipulidae,Tipula,Tipula arctica
Insecta,Diptera,Lonchaeidae,unclassified_f__Lonchaeidae,Lonchaeidae sp. BIOUG04902-B11
Insecta,Diptera,Mycetophilidae,unclassified_f__Mycetophilidae,Mycomyinae sp. BOLD-2016
Insecta,Diptera,Tipulidae,unclassified_f__Tipulidae,Tipulidae sp. DSP-2011
Insecta,Diptera,Drosophilidae,Stegana,Stegana dainuo
Insecta,Diptera,Culicidae,Culex,Culex vishnui
Insecta,Diptera,Culicidae,Culex,Culex pipiens
Insecta,Diptera,Scatopsidae,Scatopse,Scatopse sp. BOLD-2016
Insecta,Diptera,Scatopsidae,Scatopse,Scatopse sp. BOLD-2016
Insecta,Diptera,Tipulidae,Nephrotoma,Nephrotoma alterna
Insecta,Diptera,Milichiidae,Paramyia,Paramyia sp. BIOUG21855-E04
Insecta,Diptera,Limoniidae,unclassified_f__Limoniidae,Limoniinae sp. BOLD:ABZ1300
Insecta,Diptera,Limoniidae,Geranomyia,Geranomyia sp. BIOUG14928-B12
Insecta,Diptera,Tipulidae,unclassified_f__Tipulidae,Tipulidae sp. BIOUG27452-G10
Insecta,Diptera,Tipulidae,Tipula,Tipula sp. BOLD:AAG4713
Insecta,Diptera,unclassified_o__Diptera,unclassified_o__Diptera,Diptera sp. KMGHap_86
Insecta,Diptera,Tipulidae,Tipula,Tipula kuzuensis
Insecta,Diptera,Tipulidae,unclassified_f__Tipulidae,Tipulidae sp. BOLD:ACE9296
Insecta,Diptera,Tipulidae,unclassified_f__Tipulidae,Tipulidae sp. BOLD:AAO3952
Insecta,Diptera,Drosophilidae,Impatiophila,Impatiophila rhombivalva
Insecta,Diptera,Tipulidae,Tipula,Tipula shirakii
Insecta,Diptera,unclassified_o__Diptera,unclassified_o__Diptera,Diptera sp. KMGHap_86
Insecta,Diptera,Tipulidae,Tipula,Tipula kuzuensis
Insecta,Diptera,Tipulidae,Tipula,Tipula cockerelliana
Insecta,Diptera,Tipulidae,Tipula,Tipula cockerelliana
Insecta,Diptera,Tipulidae,Tipula,Tipula sp. SOKN048
Insecta,Diptera,Tipulidae,Tipula,Tipula shirakii
Insecta,Diptera,Tipulidae,Tipula,Tipula sp. BOLD:ACG9936
Insecta,Diptera,Limoniidae,Limonia_f__Limoniidae,Limonia sp. BIOUG02140-F02
Insecta,Diptera,Limoniidae,Limonia_f__Limoniidae,Limonia sp. BIOUG02140-F02
Insecta,Diptera,Tipulidae,Tipula,Tipula mutila
Insecta,Diptera,Cylindrotomidae,Cylindrotoma,Cylindrotoma distinctissima
Insecta,Diptera,Psychodidae,unclassified_f__Psychodidae,Bruchomyiinae gen. sp. BR-2017
Insecta,Diptera,Syrphidae,Platycheirus,Platycheirus pullatus
Insecta,Diptera,Muscidae,Potamia,Potamia littoralis
Insecta,Diptera,Drosophilidae,Drosophila_f__Drosophilidae,Drosophila watanabei
Insecta,Diptera,Drosophilidae,Drosophila_f__Drosophilidae,Drosophila watanabei
Insecta,Diptera,Syrphidae,Platycheirus,Platycheirus pullatus
Insecta,Diptera,Tipulidae,Tipula,Tipula mallochi
Insecta,Diptera,Limoniidae,Limonia_f__Limoniidae,Limonia sp. BIOUG02140-F02
Insecta,Diptera,Culicidae,Culex,Culex quinquefasciatus
Insecta,Diptera,Culicidae,Culex,Culex quinquefasciatus
Insecta,Diptera,Phoridae,Megaselia,Megaselia sp. BIOUG24521-B12
Insecta,Diptera,Drosophilidae,Drosophila_f__Drosophilidae,Drosophila santomea
Insecta,Diptera,Culicidae,Culex,Culex pipiens
Insecta,Diptera,Limoniidae,Metalimnobia,Metalimnobia solitaria
Insecta,Diptera,Tipulidae,unclassified_f__Tipulidae,Tipulidae sp. BOLD:AAM7259
Insecta,Diptera,Tipulidae,unclassified_f__Tipulidae,Tipulidae sp. BOLD:AAO3957
Insecta,Diptera,Mycetophilidae,Mycomya,Mycomya shermani
Insecta,Diptera,Culicidae,Culex,Culex quinquefasciatus
Insecta,Diptera,Drosophilidae,Drosophila_f__Drosophilidae,Drosophila aff. microralis OKU23-M23
Insecta,Diptera,Tipulidae,Tipula,Tipula sp. BARS_2015_34_092
Insecta,Diptera,Culicidae,Culex,Culex quinquefasciatus
Insecta,Diptera,Syrphidae,Xanthandrus,Xanthandrus callidus
Insecta,Diptera,Limoniidae,Metalimnobia,Metalimnobia solitaria
Insecta,Diptera,Tipulidae,unclassified_f__Tipulidae,Tipulidae sp. BOLD:AAO3957
Insecta,Diptera,Drosophilidae,Stegana,Stegana psilolobosa
Insecta,Diptera,Mycetophilidae,unclassified_f__Mycetophilidae,Mycetophilidae sp. BOLD:ACD1769
Insecta,Diptera,Platypezidae,Calotarsa,Calotarsa pallipes
Insecta,Diptera,Tipulidae,unclassified_f__Tipulidae,Tipulidae sp. DSP-2011
Insecta,Diptera,Ceratopogonidae,Culicoides,Culicoides oxystoma
Insecta,Diptera,Drosophilidae,Hirtodrosophila,Hirtodrosophila cameraria
Insecta,Diptera,Sphaeroceridae,Leptocera,Leptocera erythrocera
Insecta,Diptera,Sphaeroceridae,Leptocera,Leptocera erythrocera
Insecta,Diptera,Limoniidae,Epiphragma,Epiphragma fasciapenne
Insecta,Diptera,Sphaeroceridae,Leptocera,Leptocera erythrocera
Insecta,Diptera,Asilidae,Lissoteles,Lissoteles sp. USNM ENT 00914332
Insecta,Diptera,Limoniidae,Epiphragma,Epiphragma fasciapenne
Insecta,Diptera,Tipulidae,Tipula,Tipula barbigera
Insecta,Ephemeroptera,Baetidae,Procloeon,Procloeon pennulatum
Insecta,Ephemeroptera,Heptageniidae,Electrogena,Electrogena affinis
Insecta,Hemiptera,Cicadellidae,Graphocephala,Graphocephala punctulata
Insecta,Hemiptera,Fulgoridae,unclassified_f__Fulgoridae,Fulgoridae sp. BIOUG18625-F02
Insecta,Hemiptera,Cicadellidae,unclassified_f__Cicadellidae,Cicadellidae sp. BIOUG15390-H02
Insecta,Hemiptera,unclassified_o__Hemiptera,unclassified_o__Hemiptera,Hemiptera sp. EMEC 1160492
Insecta,Hemiptera,Aphididae,Aphis,Aphis gossypii
Insecta,Hemiptera,Cicadellidae,unclassified_f__Cicadellidae,Aphrodinae sp. BIOUG25610-B02
Insecta,Hymenoptera,Ichneumonidae,Euceros,Euceros digitalis
Insecta,Hymenoptera,Ichneumonidae,unclassified_f__Ichneumonidae,Orthocentrinae sp. BIOUG24366-B07
Insecta,Hymenoptera,Ichneumonidae,Bathythrix,Bathythrix sp. BIOUG23574-C12
Insecta,Hymenoptera,Perilampidae,unclassified_f__Perilampidae,Perilampidae sp. INDOBIOSYS-CCDB25314-H11
Insecta,Hymenoptera,Perilampidae,unclassified_f__Perilampidae,Perilampidae sp. INDOBIOSYS-CCDB25314-H11
Insecta,Hymenoptera,Perilampidae,Perilampus,Perilampus chrysopae
Insecta,Lepidoptera,Pyralidae,Hypargyria,Hypargyria metalliferella
Insecta,Lepidoptera,Geometridae,unclassified_f__Geometridae,Larentiinae sp. INDOBIOSYS-CCDB27010-C09
Insecta,Lepidoptera,Erebidae,Hydrillodes,Hydrillodes lentalis
Insecta,Lepidoptera,Nolidae,Risoba,Risoba prominens
Insecta,Lepidoptera,Nolidae,Risoba,Risoba prominens
Insecta,Lepidoptera,Tortricidae,Rhopobota,Rhopobota naevana
Insecta,Lepidoptera,Noctuidae,Heliothis,Heliothis roseivena
Insecta,Lepidoptera,Lymantriidae,unclassified_f__Lymantriidae,Lymantriidae sp. BOLD:AAH6239
Insecta,Lepidoptera,Geometridae,Pero,Pero infantilis
Insecta,Lepidoptera,Geometridae,Bulonga,Bulonga sp. INDOBIOSYS-CCDB25183-C08
Insecta,Lepidoptera,Gelechiidae,Palumbina,Palumbina magnisigna
Insecta,Lepidoptera,Geometridae,Idaea,Idaea fractilineata
Insecta,Lepidoptera,Uraniidae,unclassified_f__Uraniidae,Epipleminae sp. BOLD:AAL8434
Insecta,Lepidoptera,Erebidae,unclassified_f__Erebidae,Arctiidae sp. DHJ-2012-43
Insecta,Lepidoptera,Geometridae,Bulonga,Bulonga sp. INDOBIOSYS-CCDB25183-C08
Insecta,Lepidoptera,Noctuidae,Pseudorthodes,Pseudorthodes irrorata
Insecta,Lepidoptera,Cosmopterigidae,Macrobathra,Macrobathra callipetala
Insecta,Lepidoptera,Euteliidae,Caligatus,Caligatus venustissima
Insecta,Lepidoptera,Gelechiidae,Sitotroga,Sitotroga cerealella
Insecta,Lepidoptera,Nolidae,Nola,Nola desmotes
Insecta,Lepidoptera,Cosmopterigidae,Limnaecia,Limnaecia sp. ANIC6
Insecta,Lepidoptera,Geometridae,unclassified_f__Geometridae,Sterrhinae gen. sp. 3YB
Insecta,Lepidoptera,Tortricidae,Archips,Archips machlopis
Insecta,Lepidoptera,Lecithoceridae,unclassified_f__Lecithoceridae,Oditinae sp. KLM Lep 02461
Insecta,Lepidoptera,Geometridae,Stenoporpia,Stenoporpia pulmonaria
Insecta,Lepidoptera,Blastobasidae,Blastobasis,Blastobasis sprotundalis
Insecta,Lepidoptera,Gelechiidae,unclassified_f__Gelechiidae,Gelechiidae sp. BIOUG17838-A09
Insecta,Lepidoptera,unclassified_o__Lepidoptera,unclassified_o__Lepidoptera,Lepidoptera sp. 1111 CZ-2018
Insecta,Lepidoptera,Erebidae,Hypocrita,Hypocrita aletta
Insecta,Lepidoptera,Noctuidae,Micrathetis,Micrathetis costiplaga
Insecta,Lepidoptera,Erebidae,unclassified_f__Erebidae,Erebidae gen. sp. ACM9983
Insecta,Lepidoptera,unclassified_o__Lepidoptera,unclassified_o__Lepidoptera,Lepidoptera sp. BOLD:AAA0797
Insecta,Lepidoptera,Tortricidae,Dudua,Dudua aprobola
Insecta,Lepidoptera,Tortricidae,Dudua,Dudua aprobola
Insecta,Lepidoptera,Tortricidae,Dudua,Dudua aprobola
Insecta,Lepidoptera,Geometridae,Scopula,Scopula emutaria
Insecta,Lepidoptera,Geometridae,unclassified_f__Geometridae,Larentiinae sp. INDOBIOSYS-CCDB27010-D04
Insecta,Lepidoptera,unclassified_o__Lepidoptera,unclassified_o__Lepidoptera,Lepidoptera sp. sc_02464
Insecta,Lepidoptera,Crambidae,Pantographa,Pantographa sp. expansalisDHJ02
Insecta,Lepidoptera,Noctuidae,Amyna,Amyna punctum
Insecta,Lepidoptera,Erebidae,Zanclognatha,Zanclognatha pedipilalis
Insecta,Lepidoptera,Cosmopterigidae,Mimodoxa,Mimodoxa tricommatica
Insecta,Lepidoptera,Noctuidae,Enargia,Enargia decolor
Insecta,Lepidoptera,Noctuidae,Charanyca,Charanyca ferruginea
Insecta,Lepidoptera,Erebidae,Brunia_f__Erebidae,Brunia antica
Insecta,Lepidoptera,Crambidae,Glyphodes,Glyphodes pulverulentalis
Insecta,Lepidoptera,Oecophoridae,Prepocosma,Prepocosma sp. ANIC42
Insecta,Lepidoptera,Noctuidae,Gerbathodes,Gerbathodes paupera
Insecta,Lepidoptera,Noctuidae,Ercheia,Ercheia cyllaria
Insecta,Lepidoptera,Noctuidae,Callyna,Callyna monoleuca
Insecta,Lepidoptera,Nymphalidae,Cymothoe,Cymothoe beckeri
Insecta,Lepidoptera,Crambidae,Cnaphalocrocis,Cnaphalocrocis medinalis
Insecta,Lepidoptera,Lasiocampidae,Dendrolimus,Dendrolimus tabulaeformis
Insecta,Lepidoptera,Erebidae,Dinumma,Dinumma deponens
Insecta,Lepidoptera,Oecophoridae,Tisobarica,Tisobarica thyteria
Insecta,Lepidoptera,Momphidae,Mompha,Mompha definitella
Insecta,Lepidoptera,unclassified_o__Lepidoptera,unclassified_o__Lepidoptera,Lepidoptera sp. BOLD:AAP8201
Insecta,Lepidoptera,Crambidae,Herpetogramma,Herpetogramma luctuosalis
Insecta,Lepidoptera,Xyloryctidae,Metathrinca,Metathrinca tsugensis
Insecta,Lepidoptera,Tortricidae,Archips,Archips oporana
Insecta,Lepidoptera,unclassified_o__Lepidoptera,unclassified_o__Lepidoptera,Lepidoptera sp. 1919 CZ-2018
Insecta,Lepidoptera,Tineidae,Nemapogon,Nemapogon granella
Insecta,Lepidoptera,Limacodidae,Cania,Cania robusta
Insecta,Lepidoptera,Geometridae,Phibalapteryx,Phibalapteryx virgata
Insecta,Lepidoptera,Xyloryctidae,Metathrinca,Metathrinca tsugensis
Insecta,Lepidoptera,Lecithoceridae,unclassified_f__Lecithoceridae,Lecithoceridae sp. BIOUG20274-D06
Insecta,Lepidoptera,Tineidae,Opogona,Opogona sp. LTOLB438-09
Insecta,Lepidoptera,Xyloryctidae,Metathrinca,Metathrinca tsugensis
Insecta,Lepidoptera,Depressariidae,Agonopterix,Agonopterix furvella
Insecta,Lepidoptera,Tortricidae,Acleris,Acleris sp. 1 BOLD-2016
Insecta,Lepidoptera,Tortricidae,Adoxophyes,Adoxophyes fasciculana
Insecta,Lepidoptera,Tortricidae,Lobesia,Lobesia aeolopa
Insecta,Lepidoptera,Lecithoceridae,Athymoris,Athymoris martialis
Insecta,Lepidoptera,Tortricidae,Adoxophyes,Adoxophyes fasciculana
Insecta,Lepidoptera,unclassified_o__Lepidoptera,unclassified_o__Lepidoptera,Lepidoptera sp. KMGHap_35
Insecta,Lepidoptera,Noctuidae,Opigena,Opigena polygona
Insecta,Lepidoptera,Gelechiidae,Helcystogramma,Helcystogramma macroscopa
Insecta,Lepidoptera,Gelechiidae,Ptocheuusa,Ptocheuusa paupella
Insecta,Lepidoptera,Notodontidae,Datana,Datana neomexicana
Insecta,Lepidoptera,Tortricidae,Choristoneura,Choristoneura hebenstreitella
Insecta,Lepidoptera,unclassified_o__Lepidoptera,unclassified_o__Lepidoptera,Lepidoptera sp. H1622
Insecta,Lepidoptera,unclassified_o__Lepidoptera,unclassified_o__Lepidoptera,Lepidoptera sp. 359 CZ-2018
Insecta,Lepidoptera,Noctuidae,Agrotis,Agrotis orthogonia
Insecta,Lepidoptera,Noctuidae,Eublemma,Eublemma parva
Insecta,Lepidoptera,unclassified_o__Lepidoptera,unclassified_o__Lepidoptera,Lepidoptera sp. H1584
Insecta,Lepidoptera,Notodontidae,Rifargia,Rifargia sp. distinguendaDHJ02
Insecta,Lepidoptera,Yponomeutidae,Cedestis,Cedestis exiguata
Insecta,Lepidoptera,Pyralidae,Dioryctria,Dioryctria abietella
Insecta,Lepidoptera,Erebidae,unclassified_f__Erebidae,Arctiinae sp. 1634
Insecta,Lepidoptera,unclassified_o__Lepidoptera,unclassified_o__Lepidoptera,Lepidoptera sp. 586 CZ-2018
Insecta,Lepidoptera,Geometridae,Eois,Eois sp. 48193
Insecta,Lepidoptera,Pyralidae,Dioryctria,Dioryctria sp. NIBGE MOT-03216
Insecta,Lepidoptera,Erebidae,Lemyra,Lemyra flavalis
Insecta,Lepidoptera,Limacodidae,Tanvia,Tanvia sabinae
Insecta,Lepidoptera,Blastobasidae,Neoblastobasis,Neoblastobasis spiniharpella
Insecta,Lepidoptera,Blastobasidae,Neoblastobasis,Neoblastobasis spiniharpella
Insecta,Lepidoptera,Crambidae,Mesolia,Mesolia sp. ANIC3
Insecta,Lepidoptera,Geometridae,Lissochlora,Lissochlora manostigma
Insecta,Lepidoptera,Geometridae,Lissochlora,Lissochlora manostigma
Insecta,Lepidoptera,unclassified_o__Lepidoptera,unclassified_o__Lepidoptera,Lepidoptera sp. 1394 CZ-2018
Insecta,Lepidoptera,Cosmopterigidae,Leptozestis,Leptozestis sp. ANIC28
Insecta,Lepidoptera,unclassified_o__Lepidoptera,unclassified_o__Lepidoptera,Lepidoptera sp. BOLD:AAA0986
Insecta,Lepidoptera,Lecithoceridae,Trichoboscis,Trichoboscis crocosema
Insecta,Lepidoptera,Oecophoridae,Euchaetis_f__Oecophoridae,Euchaetis rufogrisea
Insecta,Lepidoptera,Tortricidae,Phaneta,Phaneta sp. BOLD:AAU7756
Insecta,Lepidoptera,Lecithoceridae,Lecithocera,Lecithocera sp. NKU WQY0066
Insecta,Lepidoptera,Geometridae,unclassified_f__Geometridae,Geometridae gen. sp. ACU5639
Insecta,Lepidoptera,Noctuidae,Papaipema,Papaipema nepheleptena
Insecta,Lepidoptera,unclassified_o__Lepidoptera,unclassified_o__Lepidoptera,Lepidoptera sp. BOLD:AAD1621
Insecta,Lepidoptera,Pterophoridae,Stenoptilia,Stenoptilia zophodactylus
Insecta,Lepidoptera,Noctuidae,Senta,Senta flammea
Insecta,Lepidoptera,Geometridae,Idaea,Idaea rusticata
Insecta,Lepidoptera,unclassified_o__Lepidoptera,unclassified_o__Lepidoptera,Lepidoptera sp. H1493
Insecta,Lepidoptera,unclassified_o__Lepidoptera,unclassified_o__Lepidoptera,Lepidoptera sp. KMGHap_50
Insecta,Lepidoptera,Geometridae,Xanthorhoe,Xanthorhoe saturata
Insecta,Lepidoptera,Hesperiidae,Eutychide,Eutychide sp. Janzen02
Insecta,Lepidoptera,Nymphalidae,Pteronymia,Pteronymia tamina
Insecta,Lepidoptera,Geometridae,Dysstroma,Dysstroma brunneata
Insecta,Lepidoptera,Gelechiidae,Gelechia,Gelechia lynceella
Insecta,Lepidoptera,Eriocottidae,Eriocottis,Eriocottis sp. BOLD:AAI5132
Insecta,Lepidoptera,Geometridae,Omphalucha,Omphalucha sp. SH01
Insecta,Lepidoptera,Noctuidae,Mimophisma,Mimophisma delunaris
Insecta,Lepidoptera,Yponomeutidae,Xyrosaris,Xyrosaris lichneuta
Insecta,Lepidoptera,Crambidae,Bradina,Bradina atopalis
Insecta,Lepidoptera,Noctuidae,Maliattha,Maliattha amorpha
Insecta,Lepidoptera,Tineidae,Opogona,Opogona nipponica
Insecta,Lepidoptera,Erebidae,Apantesis,Apantesis philipiana
Insecta,Lepidoptera,Hepialidae,Phassus,Phassus sp. BOLD:AAI2896
Insecta,Lepidoptera,Crambidae,Coniesta,Coniesta ignefusalis
Insecta,Lepidoptera,Geometridae,unclassified_f__Geometridae,Geometridae sp. BOLD:AAA0615
Insecta,Lepidoptera,Noctuidae,Oligia,Oligia sp. n. RDNMJ116-10
Insecta,Lepidoptera,Geometridae,Amphicrossa,Amphicrossa sp. ANIC1
Insecta,Lepidoptera,Geometridae,Cleora,Cleora oculata
Insecta,Lepidoptera,Gelechiidae,Pseudotelphusa,Pseudotelphusa quercinigracella
Insecta,Lepidoptera,Noctuidae,Acrapex,Acrapex sp. ACASG4029
Insecta,Lepidoptera,Pterophoridae,Emmelina,Emmelina monodactyla
Insecta,Lepidoptera,Gelechiidae,Phthorimaea,Phthorimaea operculella
Insecta,Lepidoptera,Tortricidae,Archips,Archips sp. RO_Aplpest_NBAIR-01
Insecta,Lepidoptera,unclassified_o__Lepidoptera,unclassified_o__Lepidoptera,Lepidoptera sp. hongheHap_18
Insecta,Lepidoptera,Noctuidae,Mythimna,Mythimna separata
Insecta,Lepidoptera,unclassified_o__Lepidoptera,unclassified_o__Lepidoptera,Lepidoptera sp. H1622
Insecta,Lepidoptera,Euteliidae,Caligatus,Caligatus venustissima
Insecta,Lepidoptera,Erebidae,Nannoarctia,Nannoarctia tripartita
Insecta,Lepidoptera,Gelechiidae,Dichomeris,Dichomeris pleurophaea
Insecta,Lepidoptera,Lycaenidae,Satyrium_f__Lycaenidae,Satyrium ilicis
Insecta,Lepidoptera,Cosmopterigidae,Cosmopterix,Cosmopterix sp. KLM Lep 02249
Insecta,Lepidoptera,Erebidae,Concana,Concana intricata
Insecta,Lepidoptera,Tortricidae,unclassified_f__Tortricidae,Tortricidae sp. BC-2015
Insecta,Lepidoptera,Lecithoceridae,Halolaguna,Halolaguna sublaxata
Insecta,Lepidoptera,Erebidae,Cyana,Cyana sp. BOLD:AAL8715
Insecta,Lepidoptera,Oecophoridae,Cryptolechia_f__Oecophoridae,Cryptolechia fascirupta
Insecta,Lepidoptera,Elachistidae,Antaeotricha,Antaeotricha sp. Janzen76
Insecta,Lepidoptera,Blastobasidae,Blastobasis,Blastobasis sprotundalis
Insecta,Lepidoptera,Tortricidae,Epiblema_f__Tortricidae,Epiblema foenella
Insecta,Lepidoptera,Tortricidae,Epiblema_f__Tortricidae,Epiblema foenella
Insecta,Lepidoptera,Lasiocampidae,Dendrolimus,Dendrolimus kikuchii
Insecta,Lepidoptera,Tortricidae,Cerace,Cerace sp. BOLD:AAW6055
Insecta,Lepidoptera,Erebidae,Rhapsa,Rhapsa suscitatalis
Insecta,Lepidoptera,Erebidae,Rhapsa,Rhapsa suscitatalis
Insecta,Lepidoptera,Geometridae,Dichromodes,Dichromodes sp. ANIC50
Insecta,Lepidoptera,Noctuidae,Xanthograpta,Xanthograpta glycychroa
Insecta,Lepidoptera,Saturniidae,Gamelia,Gamelia tamarae
Insecta,Lepidoptera,Blastobasidae,Neoblastobasis,Neoblastobasis spiniharpella
Insecta,Lepidoptera,Tortricidae,Cerace,Cerace sp. BOLD:AAW6055
Insecta,Lepidoptera,Limacodidae,Venadicodia,Venadicodia caneti
Insecta,Lepidoptera,Tortricidae,Cerace,Cerace sp. BOLD:AAW6055
Insecta,Lepidoptera,Lasiocampidae,Kunugia,Kunugia undans
Insecta,Lepidoptera,Gelechiidae,Thiotricha,Thiotricha pancratiastis
Insecta,Lepidoptera,Cosmopterigidae,Leptozestis,Leptozestis sp. ANIC28
Insecta,Lepidoptera,Elachistidae,Antaeotricha,Antaeotricha sp. Janzen208
Insecta,Lepidoptera,Zygaenidae,Opisoplatia,Opisoplatia grandis
Insecta,Lepidoptera,Geometridae,Cleora,Cleora anacantha
Insecta,Lepidoptera,Cosmopterigidae,Eteobalea,Eteobalea siciliae
Insecta,Lepidoptera,Tortricidae,unclassified_f__Tortricidae,Tortricidae sp. sc_04638
Insecta,Lepidoptera,Lasiocampidae,Malacosoma,Malacosoma disstria
Insecta,Lepidoptera,Blastobasidae,Blastobasis,Blastobasis sprotundalis
Insecta,Lepidoptera,Tortricidae,Olethreutes,Olethreutes auricapitana
Insecta,Lepidoptera,Tortricidae,Olethreutes,Olethreutes auricapitana
Insecta,Lepidoptera,Tortricidae,Capua,Capua vulgana
Insecta,Lepidoptera,Geometridae,Comibaena,Comibaena procumbaria
Insecta,Lepidoptera,Erebidae,Idia,Idia lubricalis complex sp. 3842-COI-08
Insecta,Lepidoptera,Geometridae,Prasinocyma,Prasinocyma albicosta
Insecta,Lepidoptera,Lecithoceridae,Sarisophora,Sarisophora nyctiphylax
Insecta,Lepidoptera,Noctuidae,Ancara,Ancara plaesiosema
Insecta,Lepidoptera,Geometridae,Chiasmia,Chiasmia sp. Nam NP 131
Insecta,Lepidoptera,Tineidae,Opogona,Opogona sp. BIOUG02374-G01
Insecta,Lepidoptera,Tortricidae,Epiblema_f__Tortricidae,Epiblema foenella
Insecta,Lepidoptera,Erebidae,Rhapsa,Rhapsa suscitatalis
Insecta,Lepidoptera,Noctuidae,Axylia,Axylia putris
Insecta,Lepidoptera,unclassified_o__Lepidoptera,unclassified_o__Lepidoptera,Lepidoptera sp. KMGHap_35
Insecta,Lepidoptera,unclassified_o__Lepidoptera,unclassified_o__Lepidoptera,Lepidoptera sp. KMGHap_35
Insecta,Lepidoptera,Crambidae,unclassified_f__Crambidae,Odontiinae sp. ABA4982
Insecta,Lepidoptera,Erebidae,Rhapsa,Rhapsa suscitatalis
Insecta,Lepidoptera,Erebidae,Apantesis,Apantesis phalerata
Insecta,Lepidoptera,Glyphipterigidae,Glyphipterix,Glyphipterix meteora
Insecta,Lepidoptera,unclassified_o__Lepidoptera,unclassified_o__Lepidoptera,Lepidoptera sp. BOLD:AAA0555
Insecta,Lepidoptera,Geometridae,Gastrophora,Gastrophora henricaria
Insecta,Lepidoptera,Noctuidae,Deltote,Deltote bellicula
Insecta,Lepidoptera,Noctuidae,Sesamia,Sesamia firmata
Insecta,Lepidoptera,Erebidae,Arrade,Arrade percnopis
Insecta,Lepidoptera,Noctuidae,Sesamia,Sesamia firmata
Insecta,Lepidoptera,Noctuidae,Sesamia,Sesamia firmata
Insecta,Lepidoptera,Gelechiidae,Bryotropha,Bryotropha similis
Insecta,Lepidoptera,Noctuidae,Apamea,Apamea antennata
Insecta,Lepidoptera,Noctuidae,Tabomeeres,Tabomeeres dolera
Insecta,Lepidoptera,Geometridae,Venusia,Venusia pearsalli
Insecta,Lepidoptera,Tortricidae,Cryptaspasma,Cryptaspasma subtilis
Insecta,Lepidoptera,Erebidae,Rhapsa,Rhapsa suscitatalis
Insecta,Lepidoptera,Oecophoridae,Ageletha,Ageletha crocoxantha
Insecta,Lepidoptera,Crambidae,Chilo,Chilo infuscatellus
Insecta,Lepidoptera,Erebidae,Rhapsa,Rhapsa suscitatalis
Insecta,Lepidoptera,Noctuidae,Gnamptonyx,Gnamptonyx sp. NIBGE MOT-01440
Insecta,Lepidoptera,Geometridae,Synchlora,Synchlora sp. BOLD:AAG7366
Insecta,Lepidoptera,Geometridae,Scotopteryx,Scotopteryx peribolata
Insecta,Lepidoptera,Lecithoceridae,Crocanthes,Crocanthes pancala
Insecta,Lepidoptera,Geometridae,Venusia,Venusia pearsalli
Insecta,Lepidoptera,Geometridae,Eois,Eois heza
Insecta,Lepidoptera,unclassified_o__Lepidoptera,unclassified_o__Lepidoptera,Lepidoptera sp. 586 CZ-2018
Insecta,Lepidoptera,Geometridae,Venusia,Venusia pearsalli
Insecta,Lepidoptera,Geometridae,Venusia,Venusia pearsalli
Insecta,Lepidoptera,Erebidae,Oxyodes,Oxyodes scrobiculata
Insecta,Lepidoptera,Erebidae,Oxyodes,Oxyodes scrobiculata
Insecta,Lepidoptera,Erebidae,Oxyodes,Oxyodes scrobiculata
Insecta,Lepidoptera,Noctuidae,Heliothodes,Heliothodes diminutiva
Insecta,Lepidoptera,Geometridae,Venusia,Venusia pearsalli
Insecta,Lepidoptera,Erebidae,Oxyodes,Oxyodes scrobiculata
Insecta,Neuroptera,Hemerobiidae,Wesmaelius,Wesmaelius longifrons
Insecta,Neuroptera,Chrysopidae,Chrysoperla,Chrysoperla sp. BIOUG23264-E04
Insecta,Neuroptera,Hemerobiidae,Hemerobius,Hemerobius exoterus
Insecta,Neuroptera,Hemerobiidae,Psectra,Psectra sp. BOLD:ACV1408
Insecta,Neuroptera,Hemerobiidae,Hemerobius,Hemerobius discretus
Insecta,Neuroptera,Hemerobiidae,Wesmaelius,Wesmaelius subnebulosus
Insecta,Neuroptera,Hemerobiidae,Sympherobius,Sympherobius elegans
Insecta,Neuroptera,Hemerobiidae,Hemerobius,Hemerobius simulans
Insecta,Neuroptera,Hemerobiidae,Hemerobius,Hemerobius japonicus
Insecta,Neuroptera,Hemerobiidae,Hemerobius,Hemerobius japonicus
Insecta,Neuroptera,Hemerobiidae,Hemerobius,Hemerobius sp. BIOUG03837-A02
Insecta,Odonata,Libellulidae,Palpopleura,Palpopleura sexmaculata
Insecta,Odonata,Libellulidae,Pantala,Pantala flavescens
Insecta,Psocoptera,Stenopsocidae,Stenopsocus,Stenopsocus aphidiformis
Insecta,Psocoptera,Psocidae,Psococerastis,Psococerastis albimaculata
Insecta,Psocoptera,Psocidae,Psococerastis,Psococerastis albimaculata
Insecta,Psocoptera,Psocidae,Psococerastis,Psococerastis albimaculata
Insecta,Psocoptera,Ectopsocidae,Ectopsocus,Ectopsocus briggsi
Insecta,Psocoptera,Lepidopsocidae,unclassified_f__Lepidopsocidae,Lepidopsocidae sp. sc_06783
Insecta,Psocoptera,Psocidae,unclassified_f__Psocidae,Psocidae sp. BOLD:AAH3225
Insecta,Psocoptera,Psocidae,Psococerastis,Psococerastis scissilis
Insecta,Psocoptera,Psocidae,Psococerastis,Psococerastis albimaculata
Insecta,Psocoptera,Ectopsocidae,Ectopsocus,Ectopsocus californicus
Insecta,Psocoptera,Psocidae,Hyalopsocus,Hyalopsocus sp. BARS_2015_26_162
Insecta,Psocoptera,Stenopsocidae,unclassified_f__Stenopsocidae,Stenopsocidae sp. BIOUG20661-G04
Insecta,Psocoptera,Stenopsocidae,unclassified_f__Stenopsocidae,Stenopsocidae sp. BIOUG20661-G04
Insecta,Psocoptera,Stenopsocidae,unclassified_f__Stenopsocidae,Stenopsocidae sp. BIOUG20661-G04
Insecta,Psocoptera,Stenopsocidae,unclassified_f__Stenopsocidae,Stenopsocidae sp. BIOUG20661-G04
Insecta,Psocoptera,Ectopsocidae,Ectopsocus,Ectopsocus californicus
Insecta,Psocoptera,Stenopsocidae,unclassified_f__Stenopsocidae,Stenopsocidae sp. BIOUG20661-G04
Insecta,Psocoptera,Stenopsocidae,unclassified_f__Stenopsocidae,Stenopsocidae sp. BIOUG20661-G04
Insecta,Siphonaptera,Ctenophthalmidae,Ctenophthalmus,Ctenophthalmus dolichus
Insecta,Trichoptera,Lepidostomatidae,Lepidostoma,Lepidostoma flavum
Insecta,Trichoptera,Hydroptilidae,Neotrichia,Neotrichia sp. RB US1
Insecta,Trichoptera,Hydroptilidae,Metrichia,Metrichia sp. OF GY1
Insecta,Trichoptera,Hydroptilidae,Metrichia,Metrichia sp. OF GY1
